subreddit,total_downloaded_posts
Home,20
AskReddit,9
NoStupidQuestions,20
BaldursGate3,20
facepalm,20
interestingasfuck,20
Damnthatsinteresting,20
LivestreamFail,20
pics,20
Palworld,20
AmItheAsshole,20
mildlyinfuriating,20
Piracy,20
PeterExplainsTheJoke,20
funny,20
AITAH,20
movies,20
Helldivers,20
gaming,20
worldnews,20
leagueoflegends,20
pcmasterrace,20
Unexpected,20
news,20
politics,20
wallstreetbets,2
todayilearned,20
nottheonion,20
memes,20
PublicFreakout,20
Wellthatsucks,20
explainlikeimfive,20
OutOfTheLoop,20
OnePiece,20
BlackPeopleTwitter,20
buildapc,20
HonkaiStarRail,20
SipsTea,20
Minecraft,20
mildlyinteresting,20
nfl,20
BeAmazed,20
DIY,20
nba,20
MapPorn,20
Steam,20
Overwatch,20
Genshin_Impact,20
classicwow,20
soccer,20
Eldenring,20
badroommates,20
personalfinance,20
antiwork,20
anime,20
wow,20
DnD,20
technology,20
WhitePeopleTwitter,20
EscapefromTarkov,20
unpopularopinion,20
popculturechat,20
videos,20
BestofRedditorUpdates,20
youtube,20
legaladvice,20
ffxiv,20
sysadmin,20
MadeMeSmile,20
CombatFootage,20
relationship_advice,20
discordapp,20
pcgaming,20
Games,20
ChatGPT,20
GlobalOffensive,20
2007scape,20
formula1,20
CuratedTumblr,20
Gamingcirclejerk,20
TikTokCringe,20
PiratedGames,20
techsupport,20
shitposting,20
theydidthemath,20
malelivingspace,20
WTF,20
cyberpunkgame,20
OldSchoolCool,20
coolguides,20
AskMen,20
dankmemes,20
feedthebeast,20
Warframe,20
UkraineWarVideoReport,20
SteamDeck,20
college,20
manga,20
CrazyFuckingVideos,20
rareinsults,20
amiwrong,20
Nijisanji,20
Kanye,20
KitchenConfidential,20
Fauxmoi,20
europe,20
iphone,20
Cooking,20
television,20
Truckers,20
ExplainTheJoke,20
marvelstudios,20
TwoXChromosomes,20
TrueOffMyChest,20
StableDiffusion,20
HonkaiStarRail_leaks,20
tifu,20
pathofexile,20
DotA2,20
Tekken,20
meirl,20
Weird,20
therewasanattempt,20
SquaredCircle,20
entertainment,20
nvidia,20
nextfuckinglevel,20
OculusQuest,20
BoomersBeingFools,20
jobs,20
HolUp,20
AskUK,20
Twitch,20
CrackWatch,20
Destiny,20
comics,20
CasualUK,20
cscareerquestions,20
PERSoNA,20
Millennials,20
Hololive,20
3Dprinting,20
travel,20
VirtualYoutubers,20
JoeRogan,20
learnprogramming,20
Scams,20
JuJutsuKaisen,20
apexlegends,20
GenZ,20
KidsAreFuckingStupid,20
magicTCG,20
Tinder,20
clevercomebacks,20
pokemon,20
Genshin_Impact_Leaks,20
PersonalFinanceCanada,20
Music,20
apple,20
ImTheMainCharacter,20
SweatyPalms,20
dndnext,20
ProgrammerHumor,20
VALORANT,20
books,20
australia,20
FortNiteBR,20
StardewValley,20
cats,20
de,20
diablo4,20
PS5,20
ThatsInsane,20
povertyfinance,20
geography,20
skyrim,20
teenagers,20
Amd,20
gamedev,20
skyrimmods,20
Animemes,20
germany,20
LifeProTips,20
Frugal,20
recruitinghell,20
AskHistorians,20
Jujutsufolk,20
Asmongold,20
BG3Builds,20
canada,20
snowboarding,20
ukraine,20
TooAfraidToAsk,20
Warthunder,20
selfhosted,20
RPClipsGTA,20
homelab,20
AskWomen,20
Philippines,20
india,20
tumblr,20
webdev,20
HistoryMemes,20
FashionReps,20
Costco,20
ask,20
NonCredibleDefense,20
dataisbeautiful,20
TwoHotTakes,20
copypasta,20
DataHoarder,20
hockey,20
aww,20
yakuzagames,20
StarWars,20
196,20
shittymoviedetails,20
BuyItForLife,20
changemyview,20
sex,20
MMA,20
TheLastAirbender,20
Marvel,20
AllThatIsInteresting,20
whatisthisthing,20
Teachers,20
HazbinHotel,20
MechanicalKeyboards,20
redditonwiki,20
Windows10,20
science,20
stocks,20
MonsterHunter,20
Windows11,20
greentext,20
totalwar,20
LegalAdviceUK,20
GamingLeaksAndRumours,20
relationships,20
offmychest,20
Bitcoin,20
Roms,20
csMajors,20
YouShouldKnow,20
LinusTechTips,20
DestinyTheGame,20
deadbydaylight,20
GranblueFantasyRelink,20
Construction,20
LocalLLaMA,20
motorcycles,20
MonsterHunterWorld,20
gameofthrones,20
MacOS,20
learnpython,20
SkincareAddiction,20
CryptoCurrency,20
h3h3productions,20
trees,20
Grimdank,20
NintendoSwitch,20
mac,20
oddlysatisfying,20
space,20
TaylorSwift,20
hearthstone,20
france,20
Conservative,20
HomeNetworking,20
ontario,20
blender,20
Terraria,20
videogames,20
Persona5,20
Showerthoughts,20
headphones,20
cars,20
Fitness,20
tf2,20
Sims4,20
help,20
ADHD,20
chess,20
ufc,20
Enshrouded,20
godot,20
whenthe,20
virtualreality,20
FinalFantasy,20
Funnymemes,20
reddeadredemption,20
XboxSeriesX,20
askscience,20
aviation,20
formuladank,20
gachagaming,20
HomeImprovement,20
ApplyingToCollege,20
dating_advice,20
PleX,20
